{
  "dusk": {"vignette":[-0.09,-0.11999999731779099,-0.11,1.034999966621399],"water level":12,"water color":[0.25,0.5,0.800000011920929],"egg brightness":1.185,"egg color":[0.9449999928474426,0.5049999952316284,0.25999999046325684],"sky color":[0.8949999809265137,0.6700000166893005,0.5799999833106995,1],"directional color 1":[0.45500001311302185,0.2750000059604645,0.17499999701976776],"directional color 2":[0,0,0.125],"directional dir 1":[1,-0.20000000298023224,0.800000011920929],"directional dir 2":[1,1,1],"tree main color":[0.98,0.85,0.67],"tree stump color":[1,1,1]},
  "sunrise": {"water level":12,"water color":[0.25,0.5,0.800000011920929],"egg brightness":1,"egg color":[0.9599999785423279,0.49000000953674316,0.4000000059604645],"sky color":[0.5249999761581421,0.6000000238418579,0.75,1],"directional color 1":[0.1850000023841858,0.11999999731779099,0.2199999988079071],"directional color 2":[0,0,0],"directional dir 1":[1,1,1],"directional dir 2":[1,1,1],"tree main color":[0.39, 1, 0.645],"tree stump color":[0.91,0.15,0.68]},
  "spotlight": {"water level":12,"water color":[0.25,0.5,0.800000011920929],"egg brightness":1,"egg color":[1,0.6050000190734863,0.5049999952316284],"sky color":[0,0,0,1],"directional color 1":[0,0,0],"directional color 2":[0,0,0],"directional dir 1":[1,1,1],"directional dir 2":[1,1,1]},
  "forest": {"camera angle":0,"camera distance":1.423,"fov":0.165,"water level":12.04,"water color":[0.72,1.03,1.12],"egg brightness":1.935,"egg color":[0.87,0.4,0.5],"sky color":[0.76,0.69,0.885,1],"directional color 1":[0.29,0.455,0.515],"directional color 2":[0.57,0.24,0.105],"directional dir 1":[1,0.69,-0.12],"directional dir 2":[0.47,0.3,1],"tree main color":[0.355,1,0.62],"tree stump color":[0.825,0.78,0.495]},
  "bubblegum": {"vignette":[-0.225,-0.33,-0.165,1.05],"water color":[1.12,0.9,1.82],"egg brightness":2.145,"egg color":[0.775,0.415,1],"sky color":[0.81,0.74,1,1],"directional color 1":[0.715,0.385,0.68],"directional color 2":[0.73,0.52,0.685],"directional dir 1":[-1,1,1],"directional dir 2":[1,0.1,1],"tree main color":[0.56,1,0.56],"tree stump color":[0.57,0.995,0.835]},
  "city": {"lut mix":0,"lut 1":"city","lut 2":"normal","camera angle":0,"camera distance":0.75,"fov":0.25,"rgb shift":0,"haze amount":0,"vignette":[-0.15000000596046448,-0.11999999731779099,-0.05999999865889549,1.125],"water level":12.370000000000001,"water color":[0.36000001430511475,1.0499999523162842,1.2599999904632568],"egg brightness":1.7399999999999998,"egg color":[0.48500001430511475,0.6549999713897705,1],"sky color":[0.13500000536441803,0.2800000011920929,0.39500001072883606,1],"directional color 1":[0,0.1850000023841858,0.4449999928474426],"directional color 2":[0.38499999046325684,0.19499999284744263,0],"directional dir 1":[1,1,1],"directional dir 2":[-0.41999998688697815,-0.3199999928474426,1],"tree main color":[0.9950000047683716,0.5099999904632568,0.3149999976158142],"tree stump color":[0.5950000286102295,0.5299999713897705,0.2849999964237213]},
  "city-2": {"lut mix":0,"lut 1":"normal","lut 2":"normal","camera angle":-0.3900000000000001,"camera distance":0.247,"fov":0.48,"rgb shift":0,"haze amount":0,"vignette":[-0.3149999976158142,-0.22499999403953552,-0.10499999672174454,1.0049999952316284],"water level":12.67,"water color":[0.7699999809265137,1.100000023841858,1.2100000381469727],"egg brightness":2.085,"egg color":[1,0.375,0.4950000047683716],"sky color":[0.45500001311302185,0.6399999856948853,0.7799999713897705,1],"directional color 1":[0.4000000059604645,0.9549999833106995,1],"directional color 2":[0.20999999344348907,0.16500000655651093,0.6100000143051147],"directional dir 1":[0.23000000417232513,0.27000001072883606,1],"directional dir 2":[-0.44999998807907104,0.10999999940395355,0.4000000059604645],"tree main color":[1,1,1],"tree stump color":[1,1,1]},
  "canyon": {"camera distance":1.7905,"fov":0.405,"lut mix":0,"lut 1":"canyon","lut 2":"normal","camera angle": -0.33, "camera distance": 0.2715, "fov": 0.52,"rgb shift":0,"haze amount":0.26,"vignette":[-0.44999998807907104,-0.4350000023841858,-0.09000000357627869,0.8849999904632568],"water level":12.7525,"water color":[0.8600000143051147,1.0399999618530273,1.3200000524520874],"egg brightness":1.995,"egg color":[0.6700000166893005,0.5649999976158142,0.3100000023841858],"sky color":[0.949999988079071,0.949999988079071,1,1],"directional color 1":[1,0.5649999976158142,0.5350000262260437],"directional color 2":[0.8999999761581421,0.46000000834465027,0],"directional dir 1":[0.11999999731779099,0.7099999785423279,0.03999999910593033],"directional dir 2":[0.7599999904632568,0.8100000023841858,0.7799999713897705],"tree main color":[0.9200000166893005,0.5600000023841858,1],"tree stump color":[0.800000011920929,0.9100000262260437,1]}
}
